{
  "addToConfigDrawerClose": {
    "rowGroup": "header",
    "subcontainer": "addToConfigDrawer",
    "col": 9,
    "height": 1
  },
  "addToConfigDrawerSaveButton": {
    "subcontainer": "addToConfigDrawer",
    "row": 16.6,
    "col": 1,
    "height": 1,
    "width": 2
  },
  "addToConfigDrawerSelectSpace": {
    "subcontainer": "addToConfigDrawer",
    "row": 3,
    "col": 1,
    "height": 0.2,
    "width": 10
  },
  "addToConfigDrawerSelectSpaceText": {
    "subcontainer": "addToConfigDrawer",
    "row": 0.2,
    "col": 1,
    "height": 0.6,
    "width": 10
  },
  "addToConfigDrawerSpaceApiKeyInput": {
    "subcontainer": "addToConfigDrawer",
    "row": 14,
    "col": 1,
    "height": 0.2,
    "width": 10
  },
  "addToConfigDrawerSpaceApiKeyText": {
    "subcontainer": "addToConfigDrawer",
    "row": 13.4,
    "col": 1,
    "height": 0.6,
    "width": 10
  },
  "addToConfigDrawerSpaceDomainInput": {
    "subcontainer": "addToConfigDrawer",
    "row": 11.4,
    "col": 1,
    "height": 0.2,
    "width": 10
  },
  "addToConfigDrawerSpaceDomainText": {
    "subcontainer": "addToConfigDrawer",
    "row": 10.8,
    "col": 1,
    "height": 0.6,
    "width": 10
  },
  "addToConfigDrawerSpaceIDInput": {
    "subcontainer": "addToConfigDrawer",
    "row": 5.6,
    "col": 1,
    "height": 0.2,
    "width": 10
  },
  "addToConfigDrawerSpaceIDText": {
    "subcontainer": "addToConfigDrawer",
    "row": 5,
    "col": 1,
    "height": 0.6,
    "width": 10
  },
  "addToConfigDrawerSpaceIDText2": {
    "subcontainer": "addToConfigDrawer",
    "row": 8,
    "col": 1,
    "height": 0.6,
    "width": 10
  },
  "addToConfigDrawerSpaceNameInput": {
    "subcontainer": "addToConfigDrawer",
    "row": 8.6,
    "col": 1,
    "height": 0.2,
    "width": 10
  },
  "configurationVariablesAddButton": {
    "row": 12.4,
    "col": 6,
    "height": 1,
    "width": 2
  },
  "configurationVariablesAddDrawerDescriptionInput": {
    "subcontainer": "configurationVariablesAddDrawerFrame",
    "row": 2,
    "col": 2,
    "height": 0.2,
    "width": 8
  },
  "configurationVariablesAddDrawerNameInput": {
    "subcontainer": "configurationVariablesAddDrawerFrame",
    "col": 2,
    "height": 0.2,
    "width": 8
  },
  "configurationVariablesAddDrawerSaveButton": {
    "subcontainer": "configurationVariablesAddDrawerFrame",
    "row": 7.4,
    "col": 2,
    "height": 1,
    "width": 2
  },
  "configurationVariablesAddDrawerSecretCheckbox": {
    "subcontainer": "configurationVariablesAddDrawerFrame",
    "row": 6.4,
    "col": 2,
    "height": 0.6
  },
  "configurationVariablesAddDrawerValueInput": {
    "subcontainer": "configurationVariablesAddDrawerFrame",
    "row": 4,
    "col": 2,
    "height": 1,
    "width": 8
  },
  "configurationVariablesContainer": {
    "row": 13.8,
    "col": 1,
    "height": 4.4,
    "width": 10,
    "stackPosition": {
      "object": {
        "ordinal": 0,
        "widthType": "fixed",
        "width": 0,
        "height": 0
      }
    }
  },
  "configurationVariablesContainerDescriptionInput": {
    "container": "configurationVariablesContainer",
    "subcontainer": "4059c",
    "col": 6,
    "height": 0.2,
    "width": 5,
    "stackPosition": {
      "object": {
        "ordinal": 1,
        "widthType": "fixed",
        "width": 0,
        "height": 0
      }
    }
  },
  "configurationVariablesContainerNameInput": {
    "container": "configurationVariablesContainer",
    "subcontainer": "4059c",
    "col": 1,
    "height": 0.2,
    "width": 4,
    "stackPosition": {
      "object": {
        "ordinal": 0,
        "widthType": "fixed",
        "width": 0,
        "height": 0
      }
    }
  },
  "configurationVariablesContainerSave": {
    "container": "configurationVariablesContainer",
    "subcontainer": "4059c",
    "row": 2.6,
    "col": 1,
    "height": 1,
    "width": 2,
    "stackPosition": {
      "object": {
        "ordinal": 2,
        "widthType": "fixed",
        "width": 0,
        "height": 0
      }
    }
  },
  "configurationVariablesContainerSecretCheckbox": {
    "container": "configurationVariablesContainer",
    "subcontainer": "4059c",
    "row": 1.8,
    "col": 1,
    "height": 0.6,
    "width": 2,
    "stackPosition": {
      "object": {
        "ordinal": 3,
        "widthType": "fixed",
        "width": 0,
        "height": 0
      }
    }
  },
  "configurationVariablesContainerValueInput": {
    "container": "configurationVariablesContainer",
    "subcontainer": "4059c",
    "row": 2,
    "col": 6,
    "height": 0.2,
    "width": 5,
    "stackPosition": {
      "object": {
        "ordinal": 4,
        "widthType": "fixed",
        "width": 0,
        "height": 0
      }
    }
  },
  "configurationVariablesDrawerClose": {
    "rowGroup": "header",
    "subcontainer": "configurationVariablesAddDrawerFrame",
    "col": 9,
    "height": 1
  },
  "globalHeaderText": {
    "subcontainer": "header",
    "row": 0,
    "col": 3,
    "height": 2
  },
  "globalLogo": {
    "subcontainer": "header",
    "col": 1,
    "height": 2,
    "width": 2
  },
  "globalNavigation": {
    "subcontainer": "header",
    "col": 7,
    "height": 2,
    "width": 4
  },
  "resourceIDModalClose": {
    "rowGroup": "header",
    "subcontainer": "resourceIDModal",
    "col": 9,
    "height": 1
  },
  "resourceIDModalIDInput": {
    "subcontainer": "resourceIDModal",
    "height": 0.2,
    "width": 12
  },
  "resourceIDModalSaveButton": {
    "subcontainer": "resourceIDModal",
    "row": 1.2,
    "height": 1,
    "width": 2
  },
  "resourceIDModalTitle": {
    "rowGroup": "header",
    "subcontainer": "resourceIDModal",
    "height": 0.6,
    "width": 9
  },
  "selectConfigurationVariables": {
    "row": 11.8,
    "col": 2,
    "height": 0.2,
    "width": 4,
    "stackPosition": {
      "object": {
        "ordinal": 2,
        "widthType": "fixed",
        "width": 0,
        "height": 0
      }
    }
  },
  "selectSpace": {
    "col": 2,
    "height": 0.2
  },
  "settingInstructionText": {
    "row": 0.2,
    "col": 1,
    "height": 12,
    "width": 10
  },
  "settingsAddSpaceToDBButton": {
    "row": 20.6,
    "col": 1,
    "height": 1,
    "width": 1
  },
  "settingsDBTable": {
    "row": 12.2,
    "col": 1,
    "height": 8,
    "width": 10
  },
  "spaceContainer": {
    "row": 0.2,
    "col": 1,
    "height": 9.4,
    "width": 10,
    "stackPosition": {
      "object": {
        "ordinal": 0,
        "widthType": "fixed",
        "width": 0,
        "height": 0
      }
    }
  },
  "spaceContainerAppIdInput": {
    "container": "spaceContainer",
    "subcontainer": "4059c",
    "row": 2.2,
    "col": 3,
    "height": 0.2,
    "width": 2,
    "stackPosition": {
      "object": {
        "ordinal": 8,
        "widthType": "fixed",
        "width": 0,
        "height": 0
      }
    }
  },
  "spaceContainerDefaultBranchInput": {
    "container": "spaceContainer",
    "subcontainer": "4059c",
    "row": 2,
    "col": 8,
    "height": 0.2,
    "width": 2,
    "stackPosition": {
      "object": {
        "ordinal": 4,
        "widthType": "fixed",
        "width": 0,
        "height": 0
      }
    }
  },
  "spaceContainerDomainInput": {
    "container": "spaceContainer",
    "subcontainer": "4059c",
    "row": 0,
    "col": 4,
    "height": 0.2,
    "stackPosition": {
      "object": {
        "ordinal": 10,
        "widthType": "fixed",
        "width": 0,
        "height": 0
      }
    }
  },
  "spaceContainerInstallationIdInput": {
    "container": "spaceContainer",
    "subcontainer": "4059c",
    "row": 2.2,
    "col": 5,
    "height": 0.2,
    "width": 2,
    "stackPosition": {
      "object": {
        "ordinal": 7,
        "widthType": "fixed",
        "width": 0,
        "height": 0
      }
    }
  },
  "spaceContainerNameInput": {
    "container": "spaceContainer",
    "subcontainer": "4059c",
    "col": 1,
    "height": 0.2,
    "stackPosition": {
      "object": {
        "ordinal": 0,
        "widthType": "fixed",
        "width": 0,
        "height": 0
      }
    }
  },
  "spaceContainerPrivateKeyInput": {
    "container": "spaceContainer",
    "subcontainer": "4059c",
    "row": 2.4,
    "col": 1,
    "height": 1,
    "width": 6,
    "stackPosition": {
      "object": {
        "ordinal": 3,
        "widthType": "fixed",
        "width": 0,
        "height": 0
      }
    }
  },
  "spaceContainerPrivateKeyText": {
    "container": "spaceContainer",
    "subcontainer": "4059c",
    "row": 5.8,
    "col": 7,
    "height": 1.4,
    "stackPosition": {
      "object": {
        "ordinal": 2,
        "widthType": "fixed",
        "width": 0,
        "height": 0
      }
    }
  },
  "spaceContainerProviderInput": {
    "container": "spaceContainer",
    "subcontainer": "4059c",
    "row": 2.2,
    "col": 1,
    "height": 0.2,
    "width": 2,
    "stackPosition": {
      "object": {
        "ordinal": 6,
        "widthType": "fixed",
        "width": 0,
        "height": 0
      }
    }
  },
  "spaceContainerRepoInput": {
    "container": "spaceContainer",
    "subcontainer": "4059c",
    "row": 2,
    "col": 1,
    "height": 0.2,
    "width": 6,
    "stackPosition": {
      "object": {
        "ordinal": 9,
        "widthType": "fixed",
        "width": 0,
        "height": 0
      }
    }
  },
  "spaceContainerSaveButton": {
    "container": "spaceContainer",
    "subcontainer": "4059c",
    "row": 7.4,
    "col": 1,
    "height": 1,
    "width": 2,
    "stackPosition": {
      "object": {
        "ordinal": 5,
        "widthType": "fixed",
        "width": 0,
        "height": 0
      }
    }
  },
  "spaceContainerTypeInput": {
    "container": "spaceContainer",
    "subcontainer": "4059c",
    "row": 2.2,
    "col": 8,
    "height": 0.2,
    "width": 2,
    "stackPosition": {
      "object": {
        "ordinal": 1,
        "widthType": "fixed",
        "width": 0,
        "height": 0
      }
    }
  }
}
