{
  "toolscriptVersion": "1.0.0",
  "version": "43.0.9",
  "pageUuid": "1cb370ea-8fae-11ef-9f86-e70d2d6e954e",
  "appTemplate": {
    "appMaxWidth": "50%",
    "pageCodeFolders": {
      "object": {
        "defaultPage": {
          "array": []
        },
        "mainPage": {
          "array": []
        },
        "spaceManagement": {
          "array": []
        },
        "page1": {
          "array": []
        },
        "settings": {
          "array": []
        }
      }
    },
    "rootScreen": "spaceManagement",
    "version": "3.107.0",
    "experimentalDataTabEnabled": true
  }
}
